<?xml version="1.0" encoding="UTF-8" ?>
<!DOCTYPE log4j:configuration SYSTEM "log4j.dtd">
<log4j:configuration xmlns:log4j="http://jakarta.apache.org/log4j/" >

  <appender name="file" class="org.apache.log4j.FileAppender">
     <param name="File" value="./sample.log" />
     <param name="Append" value="true" />
     <param name="Encoding" value="Shift_JIS" />
     <layout class="org.apache.log4j.PatternLayout">
        <param name="ConversionPattern" value="%m%n" />
     </layout>
  </appender>

  <root>
    <appender-ref ref="file"/>
  </root>
</log4j:configuration>